BILESEN KODU;BULTEN_ADI;ENDEKS KODU;ENDEKS ADI;ENDEKS INGILIZCE ADI;TARIH(GG/AA/YYYY)
CONSTITUENT CODE;CONSTITUENT NAME;INDEX CODE;INDEX NAME IN TURKISH;INDEX NAME IN ENGLISH;DATE(DD/MM/YYYY)
AKSA.E;AKSA;XK030EA;BIST KATILIM 30 ESIT AGIRLIKLI GETIRI;BIST PARTICIPATION 30 EQUAL WEIGHTED RETURN;17/03/2026
ALTNY.E;ALTINAY SAVUNMA;XK030EA;BIST KATILIM 30 ESIT AGIRLIKLI GETIRI;BIST PARTICIPATION 30 EQUAL WEIGHTED RETURN;17/03/2026
ASELS.E;ASELSAN;XK030EA;BIST KATILIM 30 ESIT AGIRLIKLI GETIRI;BIST PARTICIPATION 30 EQUAL WEIGHTED RETURN;17/03/2026
BIMAS.E;BIM MAGAZALAR;XK030EA;BIST KATILIM 30 ESIT AGIRLIKLI GETIRI;BIST PARTICIPATION 30 EQUAL WEIGHTED RETURN;17/03/2026
BSOKE.E;BATISOKE CIMENTO;XK030EA;BIST KATILIM 30 ESIT AGIRLIKLI GETIRI;BIST PARTICIPATION 30 EQUAL WEIGHTED RETURN;17/03/2026
CANTE.E;CAN2 TERMIK;XK030EA;BIST KATILIM 30 ESIT AGIRLIKLI GETIRI;BIST PARTICIPATION 30 EQUAL WEIGHTED RETURN;17/03/2026
CIMSA.E;CIMSA;XK030EA;BIST KATILIM 30 ESIT AGIRLIKLI GETIRI;BIST PARTICIPATION 30 EQUAL WEIGHTED RETURN;17/03/2026
CWENE.E;CW ENERJI;XK030EA;BIST KATILIM 30 ESIT AGIRLIKLI GETIRI;BIST PARTICIPATION 30 EQUAL WEIGHTED RETURN;17/03/2026
DAPGM.E;DAP GAYRIMENKUL;XK030EA;BIST KATILIM 30 ESIT AGIRLIKLI GETIRI;BIST PARTICIPATION 30 EQUAL WEIGHTED RETURN;17/03/2026
EKGYO.E;EMLAK KONUT GMYO;XK030EA;BIST KATILIM 30 ESIT AGIRLIKLI GETIRI;BIST PARTICIPATION 30 EQUAL WEIGHTED RETURN;17/03/2026
ENJSA.E;ENERJISA ENERJI;XK030EA;BIST KATILIM 30 ESIT AGIRLIKLI GETIRI;BIST PARTICIPATION 30 EQUAL WEIGHTED RETURN;17/03/2026
EREGL.E;EREGLI DEMIR CELIK;XK030EA;BIST KATILIM 30 ESIT AGIRLIKLI GETIRI;BIST PARTICIPATION 30 EQUAL WEIGHTED RETURN;17/03/2026
EUPWR.E;EUROPOWER ENERJI;XK030EA;BIST KATILIM 30 ESIT AGIRLIKLI GETIRI;BIST PARTICIPATION 30 EQUAL WEIGHTED RETURN;17/03/2026
GENIL.E;GEN ILAC;XK030EA;BIST KATILIM 30 ESIT AGIRLIKLI GETIRI;BIST PARTICIPATION 30 EQUAL WEIGHTED RETURN;17/03/2026
GESAN.E;GIRISIM ELEKTRIK SANAYI;XK030EA;BIST KATILIM 30 ESIT AGIRLIKLI GETIRI;BIST PARTICIPATION 30 EQUAL WEIGHTED RETURN;17/03/2026
GLRMK.E;GULERMAK AGIR SANAYI;XK030EA;BIST KATILIM 30 ESIT AGIRLIKLI GETIRI;BIST PARTICIPATION 30 EQUAL WEIGHTED RETURN;17/03/2026
GRSEL.E;GUR-SEL TURIZM TASIMACILIK;XK030EA;BIST KATILIM 30 ESIT AGIRLIKLI GETIRI;BIST PARTICIPATION 30 EQUAL WEIGHTED RETURN;17/03/2026
GUBRF.E;GUBRE FABRIK.;XK030EA;BIST KATILIM 30 ESIT AGIRLIKLI GETIRI;BIST PARTICIPATION 30 EQUAL WEIGHTED RETURN;17/03/2026
KONTR.E;KONTROLMATIK TEKNOLOJI;XK030EA;BIST KATILIM 30 ESIT AGIRLIKLI GETIRI;BIST PARTICIPATION 30 EQUAL WEIGHTED RETURN;17/03/2026
KRDMD.E;KARDEMIR (D);XK030EA;BIST KATILIM 30 ESIT AGIRLIKLI GETIRI;BIST PARTICIPATION 30 EQUAL WEIGHTED RETURN;17/03/2026
KTLEV.E;KATILIMEVIM TAS. FIN.;XK030EA;BIST KATILIM 30 ESIT AGIRLIKLI GETIRI;BIST PARTICIPATION 30 EQUAL WEIGHTED RETURN;17/03/2026
KUYAS.E;KUYAS YATIRIM;XK030EA;BIST KATILIM 30 ESIT AGIRLIKLI GETIRI;BIST PARTICIPATION 30 EQUAL WEIGHTED RETURN;17/03/2026
MAVI.E;MAVI GIYIM;XK030EA;BIST KATILIM 30 ESIT AGIRLIKLI GETIRI;BIST PARTICIPATION 30 EQUAL WEIGHTED RETURN;17/03/2026
MPARK.E;MLP SAGLIK;XK030EA;BIST KATILIM 30 ESIT AGIRLIKLI GETIRI;BIST PARTICIPATION 30 EQUAL WEIGHTED RETURN;17/03/2026
OBAMS.E;OBA MAKARNACILIK;XK030EA;BIST KATILIM 30 ESIT AGIRLIKLI GETIRI;BIST PARTICIPATION 30 EQUAL WEIGHTED RETURN;17/03/2026
PASEU.E;PASIFIK EURASIA LOJISTIK;XK030EA;BIST KATILIM 30 ESIT AGIRLIKLI GETIRI;BIST PARTICIPATION 30 EQUAL WEIGHTED RETURN;17/03/2026
PETKM.E;PETKIM;XK030EA;BIST KATILIM 30 ESIT AGIRLIKLI GETIRI;BIST PARTICIPATION 30 EQUAL WEIGHTED RETURN;17/03/2026
TUPRS.E;TUPRAS;XK030EA;BIST KATILIM 30 ESIT AGIRLIKLI GETIRI;BIST PARTICIPATION 30 EQUAL WEIGHTED RETURN;17/03/2026
TUREX.E;TUREKS TURIZM TASIMACILIK;XK030EA;BIST KATILIM 30 ESIT AGIRLIKLI GETIRI;BIST PARTICIPATION 30 EQUAL WEIGHTED RETURN;17/03/2026
YEOTK.E;YEO TEKNOLOJI ENERJI;XK030EA;BIST KATILIM 30 ESIT AGIRLIKLI GETIRI;BIST PARTICIPATION 30 EQUAL WEIGHTED RETURN;17/03/2026
ACSEL.E;ACIPAYAM SELULOZ;XKTUM;BIST KATILIM TUM;BIST PARTICIPATION ALL SHARES;17/03/2026
AHSGY.E;AHES GMYO;XKTUM;BIST KATILIM TUM;BIST PARTICIPATION ALL SHARES;17/03/2026
AKFYE.E;AKFEN YEN. ENERJI;XKTUM;BIST KATILIM TUM;BIST PARTICIPATION ALL SHARES;17/03/2026
AKHAN.E;AKHAN UN;XKTUM;BIST KATILIM TUM;BIST PARTICIPATION ALL SHARES;17/03/2026
AKSA.E;AKSA;XKTUM;BIST KATILIM TUM;BIST PARTICIPATION ALL SHARES;17/03/2026
AKYHO.E;AKDENIZ YATIRIM HOLDING;XKTUM;BIST KATILIM TUM;BIST PARTICIPATION ALL SHARES;17/03/2026
ALBRK.E;ALBARAKA TURK;XKTUM;BIST KATILIM TUM;BIST PARTICIPATION ALL SHARES;17/03/2026
ALCTL.E;ALCATEL LUCENT TELETAS;XKTUM;BIST KATILIM TUM;BIST PARTICIPATION ALL SHARES;17/03/2026
ALKA.E;ALKIM KAGIT;XKTUM;BIST KATILIM TUM;BIST PARTICIPATION ALL SHARES;17/03/2026
ALKIM.E;ALKIM KIMYA;XKTUM;BIST KATILIM TUM;BIST PARTICIPATION ALL SHARES;17/03/2026
ALKLC.E;ALTINKILIC GIDA VE SUT;XKTUM;BIST KATILIM TUM;BIST PARTICIPATION ALL SHARES;17/03/2026
ALTNY.E;ALTINAY SAVUNMA;XKTUM;BIST KATILIM TUM;BIST PARTICIPATION ALL SHARES;17/03/2026
ALVES.E;ALVES KABLO;XKTUM;BIST KATILIM TUM;BIST PARTICIPATION ALL SHARES;17/03/2026
ANGEN.E;ANATOLIA TANI VE BIYOTEKNOLOJI;XKTUM;BIST KATILIM TUM;BIST PARTICIPATION ALL SHARES;17/03/2026
ARASE.E;DOGU ARAS ENERJI;XKTUM;BIST KATILIM TUM;BIST PARTICIPATION ALL SHARES;17/03/2026
ARDYZ.E;ARD BILISIM TEKNOLOJILERI;XKTUM;BIST KATILIM TUM;BIST PARTICIPATION ALL SHARES;17/03/2026
ARFYE.E;ARF BIO YENILENEBILIR ENERJI;XKTUM;BIST KATILIM TUM;BIST PARTICIPATION ALL SHARES;17/03/2026
ASELS.E;ASELSAN;XKTUM;BIST KATILIM TUM;BIST PARTICIPATION ALL SHARES;17/03/2026
ATAKP.E;ATAKEY PATATES;XKTUM;BIST KATILIM TUM;BIST PARTICIPATION ALL SHARES;17/03/2026
ATATP.E;ATP YAZILIM;XKTUM;BIST KATILIM TUM;BIST PARTICIPATION ALL SHARES;17/03/2026
AVPGY.E;AVRUPAKENT GMYO;XKTUM;BIST KATILIM TUM;BIST PARTICIPATION ALL SHARES;17/03/2026
AYEN.E;AYEN ENERJI;XKTUM;BIST KATILIM TUM;BIST PARTICIPATION ALL SHARES;17/03/2026
BAHKM.E;BAHADIR KIMYA;XKTUM;BIST KATILIM TUM;BIST PARTICIPATION ALL SHARES;17/03/2026
BAKAB.E;BAK AMBALAJ;XKTUM;BIST KATILIM TUM;BIST PARTICIPATION ALL SHARES;17/03/2026
BANVT.E;BANVIT;XKTUM;BIST KATILIM TUM;BIST PARTICIPATION ALL SHARES;17/03/2026
BASGZ.E;BASKENT DOGALGAZ GMYO;XKTUM;BIST KATILIM TUM;BIST PARTICIPATION ALL SHARES;17/03/2026
BEGYO.E;BATI EGE GMYO;XKTUM;BIST KATILIM TUM;BIST PARTICIPATION ALL SHARES;17/03/2026
BERA.E;BERA HOLDING;XKTUM;BIST KATILIM TUM;BIST PARTICIPATION ALL SHARES;17/03/2026
BESTE.E;BEST BRANDS ENERJI;XKTUM;BIST KATILIM TUM;BIST PARTICIPATION ALL SHARES;17/03/2026
BIENY.E;BIEN YAPI URUNLERI;XKTUM;BIST KATILIM TUM;BIST PARTICIPATION ALL SHARES;17/03/2026
BIMAS.E;BIM MAGAZALAR;XKTUM;BIST KATILIM TUM;BIST PARTICIPATION ALL SHARES;17/03/2026
BINBN.E;BIN ULASIM TEKNOLOJILERI;XKTUM;BIST KATILIM TUM;BIST PARTICIPATION ALL SHARES;17/03/2026
BINHO.E;1000 YATIRIMLAR HOL.;XKTUM;BIST KATILIM TUM;BIST PARTICIPATION ALL SHARES;17/03/2026
BMSTL.E;BMS BIRLESIK METAL;XKTUM;BIST KATILIM TUM;BIST PARTICIPATION ALL SHARES;17/03/2026
BNTAS.E;BANTAS AMBALAJ;XKTUM;BIST KATILIM TUM;BIST PARTICIPATION ALL SHARES;17/03/2026
BORSK.E;BOR SEKER;XKTUM;BIST KATILIM TUM;BIST PARTICIPATION ALL SHARES;17/03/2026
BOSSA.E;BOSSA;XKTUM;BIST KATILIM TUM;BIST PARTICIPATION ALL SHARES;17/03/2026
BRISA.E;BRISA;XKTUM;BIST KATILIM TUM;BIST PARTICIPATION ALL SHARES;17/03/2026
BRKSN.E;BERKOSAN YALITIM;XKTUM;BIST KATILIM TUM;BIST PARTICIPATION ALL SHARES;17/03/2026
BRLSM.E;BIRLESIM MUHENDISLIK;XKTUM;BIST KATILIM TUM;BIST PARTICIPATION ALL SHARES;17/03/2026
BSOKE.E;BATISOKE CIMENTO;XKTUM;BIST KATILIM TUM;BIST PARTICIPATION ALL SHARES;17/03/2026
BURCE.E;BURCELIK;XKTUM;BIST KATILIM TUM;BIST PARTICIPATION ALL SHARES;17/03/2026
BURVA.E;BURCELIK VANA;XKTUM;BIST KATILIM TUM;BIST PARTICIPATION ALL SHARES;17/03/2026
CANTE.E;CAN2 TERMIK;XKTUM;BIST KATILIM TUM;BIST PARTICIPATION ALL SHARES;17/03/2026
CATES.E;CATES ELEKTRIK;XKTUM;BIST KATILIM TUM;BIST PARTICIPATION ALL SHARES;17/03/2026
CELHA.E;CELIK HALAT;XKTUM;BIST KATILIM TUM;BIST PARTICIPATION ALL SHARES;17/03/2026
CEMTS.E;CEMTAS;XKTUM;BIST KATILIM TUM;BIST PARTICIPATION ALL SHARES;17/03/2026
CEMZY.E;CEM ZEYTIN;XKTUM;BIST KATILIM TUM;BIST PARTICIPATION ALL SHARES;17/03/2026
CIMSA.E;CIMSA;XKTUM;BIST KATILIM TUM;BIST PARTICIPATION ALL SHARES;17/03/2026
CMBTN.E;CIMBETON;XKTUM;BIST KATILIM TUM;BIST PARTICIPATION ALL SHARES;17/03/2026
COSMO.E;COSMOS YAT. HOLDING;XKTUM;BIST KATILIM TUM;BIST PARTICIPATION ALL SHARES;17/03/2026
CVKMD.E;CVK MADEN;XKTUM;BIST KATILIM TUM;BIST PARTICIPATION ALL SHARES;17/03/2026
CWENE.E;CW ENERJI;XKTUM;BIST KATILIM TUM;BIST PARTICIPATION ALL SHARES;17/03/2026
DAPGM.E;DAP GAYRIMENKUL;XKTUM;BIST KATILIM TUM;BIST PARTICIPATION ALL SHARES;17/03/2026
DARDL.E;DARDANEL;XKTUM;BIST KATILIM TUM;BIST PARTICIPATION ALL SHARES;17/03/2026
DCTTR.E;DCT TRADING DIS TICARET;XKTUM;BIST KATILIM TUM;BIST PARTICIPATION ALL SHARES;17/03/2026
DENGE.E;DENGE HOLDING;XKTUM;BIST KATILIM TUM;BIST PARTICIPATION ALL SHARES;17/03/2026
DESPC.E;DESPEC BILGISAYAR;XKTUM;BIST KATILIM TUM;BIST PARTICIPATION ALL SHARES;17/03/2026
DGATE.E;DATAGATE BILGISAYAR;XKTUM;BIST KATILIM TUM;BIST PARTICIPATION ALL SHARES;17/03/2026
DGNMO.E;DOGANLAR MOBILYA;XKTUM;BIST KATILIM TUM;BIST PARTICIPATION ALL SHARES;17/03/2026
DMSAS.E;DEMISAS DOKUM;XKTUM;BIST KATILIM TUM;BIST PARTICIPATION ALL SHARES;17/03/2026
DOFER.E;DOFER YAPI MALZEMELERI;XKTUM;BIST KATILIM TUM;BIST PARTICIPATION ALL SHARES;17/03/2026
DOFRB.E;DOF ROBOTIK;XKTUM;BIST KATILIM TUM;BIST PARTICIPATION ALL SHARES;17/03/2026
DOGUB.E;DOGUSAN;XKTUM;BIST KATILIM TUM;BIST PARTICIPATION ALL SHARES;17/03/2026
DYOBY.E;DYO BOYA;XKTUM;BIST KATILIM TUM;BIST PARTICIPATION ALL SHARES;17/03/2026
EBEBK.E;EBEBEK MAGAZACILIK;XKTUM;BIST KATILIM TUM;BIST PARTICIPATION ALL SHARES;17/03/2026
EDATA.E;E-DATA TEKNOLOJI;XKTUM;BIST KATILIM TUM;BIST PARTICIPATION ALL SHARES;17/03/2026
EDIP.E;EDIP GAYRIMENKUL;XKTUM;BIST KATILIM TUM;BIST PARTICIPATION ALL SHARES;17/03/2026
EFOR.E;EFOR YATIRIM;XKTUM;BIST KATILIM TUM;BIST PARTICIPATION ALL SHARES;17/03/2026
EGEPO.E;NASMED EGEPOL;XKTUM;BIST KATILIM TUM;BIST PARTICIPATION ALL SHARES;17/03/2026
EGGUB.E;EGE GUBRE;XKTUM;BIST KATILIM TUM;BIST PARTICIPATION ALL SHARES;17/03/2026
EGPRO.E;EGE PROFIL;XKTUM;BIST KATILIM TUM;BIST PARTICIPATION ALL SHARES;17/03/2026
EKGYO.E;EMLAK KONUT GMYO;XKTUM;BIST KATILIM TUM;BIST PARTICIPATION ALL SHARES;17/03/2026
EKSUN.E;EKSUN GIDA;XKTUM;BIST KATILIM TUM;BIST PARTICIPATION ALL SHARES;17/03/2026
ELITE.E;ELITE NATUREL ORGANIK GIDA;XKTUM;BIST KATILIM TUM;BIST PARTICIPATION ALL SHARES;17/03/2026
EMPAE.E;EMPA ELEKTRONIK;XKTUM;BIST KATILIM TUM;BIST PARTICIPATION ALL SHARES;17/03/2026
ENJSA.E;ENERJISA ENERJI;XKTUM;BIST KATILIM TUM;BIST PARTICIPATION ALL SHARES;17/03/2026
EREGL.E;EREGLI DEMIR CELIK;XKTUM;BIST KATILIM TUM;BIST PARTICIPATION ALL SHARES;17/03/2026
ESCOM.E;ESCORT TEKNOLOJI;XKTUM;BIST KATILIM TUM;BIST PARTICIPATION ALL SHARES;17/03/2026
EUPWR.E;EUROPOWER ENERJI;XKTUM;BIST KATILIM TUM;BIST PARTICIPATION ALL SHARES;17/03/2026
EYGYO.E;EYG GMYO;XKTUM;BIST KATILIM TUM;BIST PARTICIPATION ALL SHARES;17/03/2026
FADE.E;FADE GIDA;XKTUM;BIST KATILIM TUM;BIST PARTICIPATION ALL SHARES;17/03/2026
FONET.E;FONET BILGI TEKNOLOJILERI;XKTUM;BIST KATILIM TUM;BIST PARTICIPATION ALL SHARES;17/03/2026
FORMT.E;FORMET METAL VE CAM;XKTUM;BIST KATILIM TUM;BIST PARTICIPATION ALL SHARES;17/03/2026
FORTE.E;FORTE BILGI ILETISIM;XKTUM;BIST KATILIM TUM;BIST PARTICIPATION ALL SHARES;17/03/2026
FRMPL.E;FORMUL PLASTIK VE METAL;XKTUM;BIST KATILIM TUM;BIST PARTICIPATION ALL SHARES;17/03/2026
FZLGY.E;FUZUL GMYO;XKTUM;BIST KATILIM TUM;BIST PARTICIPATION ALL SHARES;17/03/2026
GEDZA.E;GEDIZ AMBALAJ;XKTUM;BIST KATILIM TUM;BIST PARTICIPATION ALL SHARES;17/03/2026
GENIL.E;GEN ILAC;XKTUM;BIST KATILIM TUM;BIST PARTICIPATION ALL SHARES;17/03/2026
GENKM.E;GENTAS KIMYA;XKTUM;BIST KATILIM TUM;BIST PARTICIPATION ALL SHARES;17/03/2026
GENTS.E;GENTAS;XKTUM;BIST KATILIM TUM;BIST PARTICIPATION ALL SHARES;17/03/2026
GEREL.E;GERSAN ELEKTRIK;XKTUM;BIST KATILIM TUM;BIST PARTICIPATION ALL SHARES;17/03/2026
GESAN.E;GIRISIM ELEKTRIK SANAYI;XKTUM;BIST KATILIM TUM;BIST PARTICIPATION ALL SHARES;17/03/2026
GLRMK.E;GULERMAK AGIR SANAYI;XKTUM;BIST KATILIM TUM;BIST PARTICIPATION ALL SHARES;17/03/2026
GOKNR.E;GOKNUR GIDA;XKTUM;BIST KATILIM TUM;BIST PARTICIPATION ALL SHARES;17/03/2026
GOLTS.E;GOLTAS CIMENTO;XKTUM;BIST KATILIM TUM;BIST PARTICIPATION ALL SHARES;17/03/2026
GOODY.E;GOOD-YEAR;XKTUM;BIST KATILIM TUM;BIST PARTICIPATION ALL SHARES;17/03/2026
GRSEL.E;GUR-SEL TURIZM TASIMACILIK;XKTUM;BIST KATILIM TUM;BIST PARTICIPATION ALL SHARES;17/03/2026
GRTHO.E;GRAINTURK HOLDING;XKTUM;BIST KATILIM TUM;BIST PARTICIPATION ALL SHARES;17/03/2026
GUBRF.E;GUBRE FABRIK.;XKTUM;BIST KATILIM TUM;BIST PARTICIPATION ALL SHARES;17/03/2026
GUNDG.E;GUNDOGDU GIDA;XKTUM;BIST KATILIM TUM;BIST PARTICIPATION ALL SHARES;17/03/2026
HATSN.E;HATSAN GEMI;XKTUM;BIST KATILIM TUM;BIST PARTICIPATION ALL SHARES;17/03/2026
HKTM.E;HIDROPAR HAREKET KONTROL;XKTUM;BIST KATILIM TUM;BIST PARTICIPATION ALL SHARES;17/03/2026
HOROZ.E;HOROZ LOJISTIK;XKTUM;BIST KATILIM TUM;BIST PARTICIPATION ALL SHARES;17/03/2026
HRKET.E;HAREKET PROJE TASIMACILIGI;XKTUM;BIST KATILIM TUM;BIST PARTICIPATION ALL SHARES;17/03/2026
IDGYO.E;IDEALIST GMYO;XKTUM;BIST KATILIM TUM;BIST PARTICIPATION ALL SHARES;17/03/2026
IHEVA.E;IHLAS EV ALETLERI;XKTUM;BIST KATILIM TUM;BIST PARTICIPATION ALL SHARES;17/03/2026
IHLAS.E;IHLAS HOLDING;XKTUM;BIST KATILIM TUM;BIST PARTICIPATION ALL SHARES;17/03/2026
IHLGM.E;IHLAS GAYRIMENKUL;XKTUM;BIST KATILIM TUM;BIST PARTICIPATION ALL SHARES;17/03/2026
IHYAY.E;IHLAS YAYIN HOLDING;XKTUM;BIST KATILIM TUM;BIST PARTICIPATION ALL SHARES;17/03/2026
IMASM.E;IMAS MAKINA;XKTUM;BIST KATILIM TUM;BIST PARTICIPATION ALL SHARES;17/03/2026
INTEM.E;INTEMA;XKTUM;BIST KATILIM TUM;BIST PARTICIPATION ALL SHARES;17/03/2026
ISDMR.E;ISKENDERUN DEMIR CELIK;XKTUM;BIST KATILIM TUM;BIST PARTICIPATION ALL SHARES;17/03/2026
ISSEN.E;ISBIR SENTETIK DOKUMA;XKTUM;BIST KATILIM TUM;BIST PARTICIPATION ALL SHARES;17/03/2026
IZFAS.E;IZMIR FIRCA;XKTUM;BIST KATILIM TUM;BIST PARTICIPATION ALL SHARES;17/03/2026
IZINV.E;IZ YATIRIM HOLDING;XKTUM;BIST KATILIM TUM;BIST PARTICIPATION ALL SHARES;17/03/2026
JANTS.E;JANTSA JANT SANAYI;XKTUM;BIST KATILIM TUM;BIST PARTICIPATION ALL SHARES;17/03/2026
KARSN.E;KARSAN OTOMOTIV;XKTUM;BIST KATILIM TUM;BIST PARTICIPATION ALL SHARES;17/03/2026
KATMR.E;KATMERCILER EKIPMAN;XKTUM;BIST KATILIM TUM;BIST PARTICIPATION ALL SHARES;17/03/2026
KBORU.E;KUZEY BORU;XKTUM;BIST KATILIM TUM;BIST PARTICIPATION ALL SHARES;17/03/2026
KCAER.E;KOCAER CELIK;XKTUM;BIST KATILIM TUM;BIST PARTICIPATION ALL SHARES;17/03/2026
KIMMR.E;KIM MARKET-ERSAN ALISVERIS;XKTUM;BIST KATILIM TUM;BIST PARTICIPATION ALL SHARES;17/03/2026
KLSYN.E;KOLEKSIYON MOBILYA;XKTUM;BIST KATILIM TUM;BIST PARTICIPATION ALL SHARES;17/03/2026
KNFRT.E;KONFRUT TARIM;XKTUM;BIST KATILIM TUM;BIST PARTICIPATION ALL SHARES;17/03/2026
KOCMT.E;KOC METALURJI;XKTUM;BIST KATILIM TUM;BIST PARTICIPATION ALL SHARES;17/03/2026
KONKA.E;KONYA KAGIT;XKTUM;BIST KATILIM TUM;BIST PARTICIPATION ALL SHARES;17/03/2026
KONTR.E;KONTROLMATIK TEKNOLOJI;XKTUM;BIST KATILIM TUM;BIST PARTICIPATION ALL SHARES;17/03/2026
KONYA.E;KONYA CIMENTO;XKTUM;BIST KATILIM TUM;BIST PARTICIPATION ALL SHARES;17/03/2026
KOPOL.E;KOZA POLYESTER;XKTUM;BIST KATILIM TUM;BIST PARTICIPATION ALL SHARES;17/03/2026
KOTON.E;KOTON MAGAZACILIK;XKTUM;BIST KATILIM TUM;BIST PARTICIPATION ALL SHARES;17/03/2026
KRDMA.E;KARDEMIR (A);XKTUM;BIST KATILIM TUM;BIST PARTICIPATION ALL SHARES;17/03/2026
KRDMB.E;KARDEMIR (B);XKTUM;BIST KATILIM TUM;BIST PARTICIPATION ALL SHARES;17/03/2026
KRDMD.E;KARDEMIR (D);XKTUM;BIST KATILIM TUM;BIST PARTICIPATION ALL SHARES;17/03/2026
KRGYO.E;KORFEZ GMYO;XKTUM;BIST KATILIM TUM;BIST PARTICIPATION ALL SHARES;17/03/2026
KRONT.E;KRON TEKNOLOJI;XKTUM;BIST KATILIM TUM;BIST PARTICIPATION ALL SHARES;17/03/2026
KRPLS.E;KOROPLAST TEMIZLIK AMBALAJ;XKTUM;BIST KATILIM TUM;BIST PARTICIPATION ALL SHARES;17/03/2026
KRSTL.E;KRISTAL KOLA;XKTUM;BIST KATILIM TUM;BIST PARTICIPATION ALL SHARES;17/03/2026
KRVGD.E;KERVAN GIDA;XKTUM;BIST KATILIM TUM;BIST PARTICIPATION ALL SHARES;17/03/2026
KTLEV.E;KATILIMEVIM TAS. FIN.;XKTUM;BIST KATILIM TUM;BIST PARTICIPATION ALL SHARES;17/03/2026
KUTPO.E;KUTAHYA PORSELEN;XKTUM;BIST KATILIM TUM;BIST PARTICIPATION ALL SHARES;17/03/2026
KUYAS.E;KUYAS YATIRIM;XKTUM;BIST KATILIM TUM;BIST PARTICIPATION ALL SHARES;17/03/2026
KZBGY.E;KIZILBUK GYO;XKTUM;BIST KATILIM TUM;BIST PARTICIPATION ALL SHARES;17/03/2026
LKMNH.E;LOKMAN HEKIM SAGLIK;XKTUM;BIST KATILIM TUM;BIST PARTICIPATION ALL SHARES;17/03/2026
LMKDC.E;LIMAK DOGU ANADOLU;XKTUM;BIST KATILIM TUM;BIST PARTICIPATION ALL SHARES;17/03/2026
LOGO.E;LOGO YAZILIM;XKTUM;BIST KATILIM TUM;BIST PARTICIPATION ALL SHARES;17/03/2026
LXGYO.E;LUXERA GMYO;XKTUM;BIST KATILIM TUM;BIST PARTICIPATION ALL SHARES;17/03/2026
MAGEN.E;MARGUN ENERJI;XKTUM;BIST KATILIM TUM;BIST PARTICIPATION ALL SHARES;17/03/2026
MAKIM.E;MAKIM MAKINE;XKTUM;BIST KATILIM TUM;BIST PARTICIPATION ALL SHARES;17/03/2026
MARBL.E;TUREKS TURUNC MADENCILIK;XKTUM;BIST KATILIM TUM;BIST PARTICIPATION ALL SHARES;17/03/2026
MAVI.E;MAVI GIYIM;XKTUM;BIST KATILIM TUM;BIST PARTICIPATION ALL SHARES;17/03/2026
MCARD.E;METROPAL KURUMSAL HIZMETLER;XKTUM;BIST KATILIM TUM;BIST PARTICIPATION ALL SHARES;17/03/2026
MEDTR.E;MEDITERA TIBBI MALZEME;XKTUM;BIST KATILIM TUM;BIST PARTICIPATION ALL SHARES;17/03/2026
MEKAG.E;MEKA GLOBAL MAKINE;XKTUM;BIST KATILIM TUM;BIST PARTICIPATION ALL SHARES;17/03/2026
MERCN.E;MERCAN KIMYA;XKTUM;BIST KATILIM TUM;BIST PARTICIPATION ALL SHARES;17/03/2026
MEYSU.E;MEYSU GIDA;XKTUM;BIST KATILIM TUM;BIST PARTICIPATION ALL SHARES;17/03/2026
MNDRS.E;MENDERES TEKSTIL;XKTUM;BIST KATILIM TUM;BIST PARTICIPATION ALL SHARES;17/03/2026
MNDTR.E;MONDI TURKEY;XKTUM;BIST KATILIM TUM;BIST PARTICIPATION ALL SHARES;17/03/2026
MOBTL.E;MOBILTEL ILETISIM;XKTUM;BIST KATILIM TUM;BIST PARTICIPATION ALL SHARES;17/03/2026
MPARK.E;MLP SAGLIK;XKTUM;BIST KATILIM TUM;BIST PARTICIPATION ALL SHARES;17/03/2026
NETAS.E;NETAS TELEKOM.;XKTUM;BIST KATILIM TUM;BIST PARTICIPATION ALL SHARES;17/03/2026
NTGAZ.E;NATURELGAZ;XKTUM;BIST KATILIM TUM;BIST PARTICIPATION ALL SHARES;17/03/2026
OBAMS.E;OBA MAKARNACILIK;XKTUM;BIST KATILIM TUM;BIST PARTICIPATION ALL SHARES;17/03/2026
OBASE.E;OBASE BILGISAYAR;XKTUM;BIST KATILIM TUM;BIST PARTICIPATION ALL SHARES;17/03/2026
OFSYM.E;OFIS YEM GIDA;XKTUM;BIST KATILIM TUM;BIST PARTICIPATION ALL SHARES;17/03/2026
ONCSM.E;ONCOSEM ONKOLOJIK SISTEMLER;XKTUM;BIST KATILIM TUM;BIST PARTICIPATION ALL SHARES;17/03/2026
ORGE.E;ORGE ENERJI ELEKTRIK;XKTUM;BIST KATILIM TUM;BIST PARTICIPATION ALL SHARES;17/03/2026
OSTIM.E;OSTIM ENDUSTRIYEL YAT;XKTUM;BIST KATILIM TUM;BIST PARTICIPATION ALL SHARES;17/03/2026
OZRDN.E;OZERDEN AMBALAJ;XKTUM;BIST KATILIM TUM;BIST PARTICIPATION ALL SHARES;17/03/2026
OZYSR.E;OZYASAR TEL;XKTUM;BIST KATILIM TUM;BIST PARTICIPATION ALL SHARES;17/03/2026
PAGYO.E;PANORA GMYO;XKTUM;BIST KATILIM TUM;BIST PARTICIPATION ALL SHARES;17/03/2026
PARSN.E;PARSAN;XKTUM;BIST KATILIM TUM;BIST PARTICIPATION ALL SHARES;17/03/2026
PASEU.E;PASIFIK EURASIA LOJISTIK;XKTUM;BIST KATILIM TUM;BIST PARTICIPATION ALL SHARES;17/03/2026
PENGD.E;PENGUEN GIDA;XKTUM;BIST KATILIM TUM;BIST PARTICIPATION ALL SHARES;17/03/2026
PENTA.E;PENTA TEKNOLOJI URUNLERI DAGITIM;XKTUM;BIST KATILIM TUM;BIST PARTICIPATION ALL SHARES;17/03/2026
PETKM.E;PETKIM;XKTUM;BIST KATILIM TUM;BIST PARTICIPATION ALL SHARES;17/03/2026
PETUN.E;PINAR ET VE UN;XKTUM;BIST KATILIM TUM;BIST PARTICIPATION ALL SHARES;17/03/2026
PKART.E;PLASTIKKART;XKTUM;BIST KATILIM TUM;BIST PARTICIPATION ALL SHARES;17/03/2026
PLTUR.E;PLATFORM TURIZM;XKTUM;BIST KATILIM TUM;BIST PARTICIPATION ALL SHARES;17/03/2026
PNLSN.E;PANELSAN CATI CEPHE;XKTUM;BIST KATILIM TUM;BIST PARTICIPATION ALL SHARES;17/03/2026
POLHO.E;POLISAN HOLDING;XKTUM;BIST KATILIM TUM;BIST PARTICIPATION ALL SHARES;17/03/2026
QUAGR.E;QUA GRANITE HAYAL YAPI;XKTUM;BIST KATILIM TUM;BIST PARTICIPATION ALL SHARES;17/03/2026
RGYAS.E;RONESANS GAYRIMENKUL YAT.;XKTUM;BIST KATILIM TUM;BIST PARTICIPATION ALL SHARES;17/03/2026
RNPOL.E;RAINBOW POLIKARBONAT;XKTUM;BIST KATILIM TUM;BIST PARTICIPATION ALL SHARES;17/03/2026
RODRG.E;RODRIGO TEKSTIL;XKTUM;BIST KATILIM TUM;BIST PARTICIPATION ALL SHARES;17/03/2026
RUBNS.E;RUBENIS TEKSTIL;XKTUM;BIST KATILIM TUM;BIST PARTICIPATION ALL SHARES;17/03/2026
SAFKR.E;SAFKAR EGE SOGUTMACILIK;XKTUM;BIST KATILIM TUM;BIST PARTICIPATION ALL SHARES;17/03/2026
SAMAT.E;SARAY MATBAACILIK;XKTUM;BIST KATILIM TUM;BIST PARTICIPATION ALL SHARES;17/03/2026
SANEL.E;SANEL MUHENDISLIK;XKTUM;BIST KATILIM TUM;BIST PARTICIPATION ALL SHARES;17/03/2026
SANKO.E;SANKO PAZARLAMA;XKTUM;BIST KATILIM TUM;BIST PARTICIPATION ALL SHARES;17/03/2026
SARKY.E;SARKUYSAN;XKTUM;BIST KATILIM TUM;BIST PARTICIPATION ALL SHARES;17/03/2026
SAYAS.E;SAY YENILENEBILIR ENERJI;XKTUM;BIST KATILIM TUM;BIST PARTICIPATION ALL SHARES;17/03/2026
SEKUR.E;SEKURO PLASTIK;XKTUM;BIST KATILIM TUM;BIST PARTICIPATION ALL SHARES;17/03/2026
SELEC.E;SELCUK ECZA DEPOSU;XKTUM;BIST KATILIM TUM;BIST PARTICIPATION ALL SHARES;17/03/2026
SELVA.E;SELVA GIDA;XKTUM;BIST KATILIM TUM;BIST PARTICIPATION ALL SHARES;17/03/2026
SILVR.E;SILVERLINE ENDUSTRI;XKTUM;BIST KATILIM TUM;BIST PARTICIPATION ALL SHARES;17/03/2026
SMART.E;SMARTIKS YAZILIM;XKTUM;BIST KATILIM TUM;BIST PARTICIPATION ALL SHARES;17/03/2026
SMRTG.E;SMART GUNES ENERJISI TEK.;XKTUM;BIST KATILIM TUM;BIST PARTICIPATION ALL SHARES;17/03/2026
SNGYO.E;SINPAS GMYO;XKTUM;BIST KATILIM TUM;BIST PARTICIPATION ALL SHARES;17/03/2026
SNICA.E;SANICA ISI SANAYI;XKTUM;BIST KATILIM TUM;BIST PARTICIPATION ALL SHARES;17/03/2026
SOKE.E;SOKE DEGIRMENCILIK;XKTUM;BIST KATILIM TUM;BIST PARTICIPATION ALL SHARES;17/03/2026
SRVGY.E;SERVET GMYO;XKTUM;BIST KATILIM TUM;BIST PARTICIPATION ALL SHARES;17/03/2026
SUNTK.E;SUN TEKSTIL;XKTUM;BIST KATILIM TUM;BIST PARTICIPATION ALL SHARES;17/03/2026
SURGY.E;SUR TATIL EVLERI GMYO;XKTUM;BIST KATILIM TUM;BIST PARTICIPATION ALL SHARES;17/03/2026
SUWEN.E;SUWEN TEKSTIL;XKTUM;BIST KATILIM TUM;BIST PARTICIPATION ALL SHARES;17/03/2026
TARKM.E;TARKIM BITKI KORUMA;XKTUM;BIST KATILIM TUM;BIST PARTICIPATION ALL SHARES;17/03/2026
TDGYO.E;TREND GMYO;XKTUM;BIST KATILIM TUM;BIST PARTICIPATION ALL SHARES;17/03/2026
TEZOL.E;EUROPAP TEZOL KAGIT;XKTUM;BIST KATILIM TUM;BIST PARTICIPATION ALL SHARES;17/03/2026
TKNSA.E;TEKNOSA IC VE DIS TICARET;XKTUM;BIST KATILIM TUM;BIST PARTICIPATION ALL SHARES;17/03/2026
TMSN.E;TUMOSAN MOTOR VE TRAKTOR;XKTUM;BIST KATILIM TUM;BIST PARTICIPATION ALL SHARES;17/03/2026
TNZTP.E;TAPDI TINAZTEPE;XKTUM;BIST KATILIM TUM;BIST PARTICIPATION ALL SHARES;17/03/2026
TUCLK.E;TUGCELIK;XKTUM;BIST KATILIM TUM;BIST PARTICIPATION ALL SHARES;17/03/2026
TUKAS.E;TUKAS;XKTUM;BIST KATILIM TUM;BIST PARTICIPATION ALL SHARES;17/03/2026
TUPRS.E;TUPRAS;XKTUM;BIST KATILIM TUM;BIST PARTICIPATION ALL SHARES;17/03/2026
TUREX.E;TUREKS TURIZM TASIMACILIK;XKTUM;BIST KATILIM TUM;BIST PARTICIPATION ALL SHARES;17/03/2026
UCAYM.E;UCAY MUHENDISLIK;XKTUM;BIST KATILIM TUM;BIST PARTICIPATION ALL SHARES;17/03/2026
ULAS.E;ULASLAR TURIZM YAT.;XKTUM;BIST KATILIM TUM;BIST PARTICIPATION ALL SHARES;17/03/2026
ULUSE.E;ULUSOY ELEKTRIK;XKTUM;BIST KATILIM TUM;BIST PARTICIPATION ALL SHARES;17/03/2026
USAK.E;USAK SERAMIK;XKTUM;BIST KATILIM TUM;BIST PARTICIPATION ALL SHARES;17/03/2026
VAKKO.E;VAKKO TEKSTIL;XKTUM;BIST KATILIM TUM;BIST PARTICIPATION ALL SHARES;17/03/2026
VANGD.E;VANET GIDA;XKTUM;BIST KATILIM TUM;BIST PARTICIPATION ALL SHARES;17/03/2026
VESBE.E;VESTEL BEYAZ ESYA;XKTUM;BIST KATILIM TUM;BIST PARTICIPATION ALL SHARES;17/03/2026
VRGYO.E;VERA KONSEPT GMYO;XKTUM;BIST KATILIM TUM;BIST PARTICIPATION ALL SHARES;17/03/2026
YATAS.E;YATAS;XKTUM;BIST KATILIM TUM;BIST PARTICIPATION ALL SHARES;17/03/2026
YEOTK.E;YEO TEKNOLOJI ENERJI;XKTUM;BIST KATILIM TUM;BIST PARTICIPATION ALL SHARES;17/03/2026
YUNSA.E;YUNSA;XKTUM;BIST KATILIM TUM;BIST PARTICIPATION ALL SHARES;17/03/2026
ZEDUR.E;ZEDUR ENERJI;XKTUM;BIST KATILIM TUM;BIST PARTICIPATION ALL SHARES;17/03/2026
ZERGY.E;ZERAY GMYO;XKTUM;BIST KATILIM TUM;BIST PARTICIPATION ALL SHARES;17/03/2026
AKFYE.E;AKFEN YEN. ENERJI;XK100;BIST KATILIM 100;BIST PARTICIPATION 100;17/03/2026
AKSA.E;AKSA;XK100;BIST KATILIM 100;BIST PARTICIPATION 100;17/03/2026
ALBRK.E;ALBARAKA TURK;XK100;BIST KATILIM 100;BIST PARTICIPATION 100;17/03/2026
ALCTL.E;ALCATEL LUCENT TELETAS;XK100;BIST KATILIM 100;BIST PARTICIPATION 100;17/03/2026
ALTNY.E;ALTINAY SAVUNMA;XK100;BIST KATILIM 100;BIST PARTICIPATION 100;17/03/2026
ALVES.E;ALVES KABLO;XK100;BIST KATILIM 100;BIST PARTICIPATION 100;17/03/2026
ARDYZ.E;ARD BILISIM TEKNOLOJILERI;XK100;BIST KATILIM 100;BIST PARTICIPATION 100;17/03/2026
ASELS.E;ASELSAN;XK100;BIST KATILIM 100;BIST PARTICIPATION 100;17/03/2026
ATATP.E;ATP YAZILIM;XK100;BIST KATILIM 100;BIST PARTICIPATION 100;17/03/2026
AVPGY.E;AVRUPAKENT GMYO;XK100;BIST KATILIM 100;BIST PARTICIPATION 100;17/03/2026
BANVT.E;BANVIT;XK100;BIST KATILIM 100;BIST PARTICIPATION 100;17/03/2026
BEGYO.E;BATI EGE GMYO;XK100;BIST KATILIM 100;BIST PARTICIPATION 100;17/03/2026
BERA.E;BERA HOLDING;XK100;BIST KATILIM 100;BIST PARTICIPATION 100;17/03/2026
BIENY.E;BIEN YAPI URUNLERI;XK100;BIST KATILIM 100;BIST PARTICIPATION 100;17/03/2026
BIMAS.E;BIM MAGAZALAR;XK100;BIST KATILIM 100;BIST PARTICIPATION 100;17/03/2026
BINBN.E;BIN ULASIM TEKNOLOJILERI;XK100;BIST KATILIM 100;BIST PARTICIPATION 100;17/03/2026
BINHO.E;1000 YATIRIMLAR HOL.;XK100;BIST KATILIM 100;BIST PARTICIPATION 100;17/03/2026
BMSTL.E;BMS BIRLESIK METAL;XK100;BIST KATILIM 100;BIST PARTICIPATION 100;17/03/2026
BSOKE.E;BATISOKE CIMENTO;XK100;BIST KATILIM 100;BIST PARTICIPATION 100;17/03/2026
CANTE.E;CAN2 TERMIK;XK100;BIST KATILIM 100;BIST PARTICIPATION 100;17/03/2026
CEMTS.E;CEMTAS;XK100;BIST KATILIM 100;BIST PARTICIPATION 100;17/03/2026
CIMSA.E;CIMSA;XK100;BIST KATILIM 100;BIST PARTICIPATION 100;17/03/2026
CMBTN.E;CIMBETON;XK100;BIST KATILIM 100;BIST PARTICIPATION 100;17/03/2026
CVKMD.E;CVK MADEN;XK100;BIST KATILIM 100;BIST PARTICIPATION 100;17/03/2026
CWENE.E;CW ENERJI;XK100;BIST KATILIM 100;BIST PARTICIPATION 100;17/03/2026
DAPGM.E;DAP GAYRIMENKUL;XK100;BIST KATILIM 100;BIST PARTICIPATION 100;17/03/2026
DCTTR.E;DCT TRADING DIS TICARET;XK100;BIST KATILIM 100;BIST PARTICIPATION 100;17/03/2026
DYOBY.E;DYO BOYA;XK100;BIST KATILIM 100;BIST PARTICIPATION 100;17/03/2026
EFOR.E;EFOR YATIRIM;XK100;BIST KATILIM 100;BIST PARTICIPATION 100;17/03/2026
EGGUB.E;EGE GUBRE;XK100;BIST KATILIM 100;BIST PARTICIPATION 100;17/03/2026
EKGYO.E;EMLAK KONUT GMYO;XK100;BIST KATILIM 100;BIST PARTICIPATION 100;17/03/2026
ELITE.E;ELITE NATUREL ORGANIK GIDA;XK100;BIST KATILIM 100;BIST PARTICIPATION 100;17/03/2026
ENJSA.E;ENERJISA ENERJI;XK100;BIST KATILIM 100;BIST PARTICIPATION 100;17/03/2026
EREGL.E;EREGLI DEMIR CELIK;XK100;BIST KATILIM 100;BIST PARTICIPATION 100;17/03/2026
EUPWR.E;EUROPOWER ENERJI;XK100;BIST KATILIM 100;BIST PARTICIPATION 100;17/03/2026
FONET.E;FONET BILGI TEKNOLOJILERI;XK100;BIST KATILIM 100;BIST PARTICIPATION 100;17/03/2026
FORMT.E;FORMET METAL VE CAM;XK100;BIST KATILIM 100;BIST PARTICIPATION 100;17/03/2026
FZLGY.E;FUZUL GMYO;XK100;BIST KATILIM 100;BIST PARTICIPATION 100;17/03/2026
GENIL.E;GEN ILAC;XK100;BIST KATILIM 100;BIST PARTICIPATION 100;17/03/2026
GENTS.E;GENTAS;XK100;BIST KATILIM 100;BIST PARTICIPATION 100;17/03/2026
GEREL.E;GERSAN ELEKTRIK;XK100;BIST KATILIM 100;BIST PARTICIPATION 100;17/03/2026
GESAN.E;GIRISIM ELEKTRIK SANAYI;XK100;BIST KATILIM 100;BIST PARTICIPATION 100;17/03/2026
GLRMK.E;GULERMAK AGIR SANAYI;XK100;BIST KATILIM 100;BIST PARTICIPATION 100;17/03/2026
GOKNR.E;GOKNUR GIDA;XK100;BIST KATILIM 100;BIST PARTICIPATION 100;17/03/2026
GOLTS.E;GOLTAS CIMENTO;XK100;BIST KATILIM 100;BIST PARTICIPATION 100;17/03/2026
GRSEL.E;GUR-SEL TURIZM TASIMACILIK;XK100;BIST KATILIM 100;BIST PARTICIPATION 100;17/03/2026
GRTHO.E;GRAINTURK HOLDING;XK100;BIST KATILIM 100;BIST PARTICIPATION 100;17/03/2026
GUBRF.E;GUBRE FABRIK.;XK100;BIST KATILIM 100;BIST PARTICIPATION 100;17/03/2026
HATSN.E;HATSAN GEMI;XK100;BIST KATILIM 100;BIST PARTICIPATION 100;17/03/2026
HRKET.E;HAREKET PROJE TASIMACILIGI;XK100;BIST KATILIM 100;BIST PARTICIPATION 100;17/03/2026
IHLAS.E;IHLAS HOLDING;XK100;BIST KATILIM 100;BIST PARTICIPATION 100;17/03/2026
IMASM.E;IMAS MAKINA;XK100;BIST KATILIM 100;BIST PARTICIPATION 100;17/03/2026
ISDMR.E;ISKENDERUN DEMIR CELIK;XK100;BIST KATILIM 100;BIST PARTICIPATION 100;17/03/2026
IZFAS.E;IZMIR FIRCA;XK100;BIST KATILIM 100;BIST PARTICIPATION 100;17/03/2026
JANTS.E;JANTSA JANT SANAYI;XK100;BIST KATILIM 100;BIST PARTICIPATION 100;17/03/2026
KARSN.E;KARSAN OTOMOTIV;XK100;BIST KATILIM 100;BIST PARTICIPATION 100;17/03/2026
KATMR.E;KATMERCILER EKIPMAN;XK100;BIST KATILIM 100;BIST PARTICIPATION 100;17/03/2026
KBORU.E;KUZEY BORU;XK100;BIST KATILIM 100;BIST PARTICIPATION 100;17/03/2026
KCAER.E;KOCAER CELIK;XK100;BIST KATILIM 100;BIST PARTICIPATION 100;17/03/2026
KOCMT.E;KOC METALURJI;XK100;BIST KATILIM 100;BIST PARTICIPATION 100;17/03/2026
KONTR.E;KONTROLMATIK TEKNOLOJI;XK100;BIST KATILIM 100;BIST PARTICIPATION 100;17/03/2026
KONYA.E;KONYA CIMENTO;XK100;BIST KATILIM 100;BIST PARTICIPATION 100;17/03/2026
KOPOL.E;KOZA POLYESTER;XK100;BIST KATILIM 100;BIST PARTICIPATION 100;17/03/2026
KOTON.E;KOTON MAGAZACILIK;XK100;BIST KATILIM 100;BIST PARTICIPATION 100;17/03/2026
KRDMD.E;KARDEMIR (D);XK100;BIST KATILIM 100;BIST PARTICIPATION 100;17/03/2026
KTLEV.E;KATILIMEVIM TAS. FIN.;XK100;BIST KATILIM 100;BIST PARTICIPATION 100;17/03/2026
KUYAS.E;KUYAS YATIRIM;XK100;BIST KATILIM 100;BIST PARTICIPATION 100;17/03/2026
KZBGY.E;KIZILBUK GYO;XK100;BIST KATILIM 100;BIST PARTICIPATION 100;17/03/2026
LMKDC.E;LIMAK DOGU ANADOLU;XK100;BIST KATILIM 100;BIST PARTICIPATION 100;17/03/2026
LOGO.E;LOGO YAZILIM;XK100;BIST KATILIM 100;BIST PARTICIPATION 100;17/03/2026
MAGEN.E;MARGUN ENERJI;XK100;BIST KATILIM 100;BIST PARTICIPATION 100;17/03/2026
MAVI.E;MAVI GIYIM;XK100;BIST KATILIM 100;BIST PARTICIPATION 100;17/03/2026
MPARK.E;MLP SAGLIK;XK100;BIST KATILIM 100;BIST PARTICIPATION 100;17/03/2026
NETAS.E;NETAS TELEKOM.;XK100;BIST KATILIM 100;BIST PARTICIPATION 100;17/03/2026
OBAMS.E;OBA MAKARNACILIK;XK100;BIST KATILIM 100;BIST PARTICIPATION 100;17/03/2026
ORGE.E;ORGE ENERJI ELEKTRIK;XK100;BIST KATILIM 100;BIST PARTICIPATION 100;17/03/2026
PASEU.E;PASIFIK EURASIA LOJISTIK;XK100;BIST KATILIM 100;BIST PARTICIPATION 100;17/03/2026
PETKM.E;PETKIM;XK100;BIST KATILIM 100;BIST PARTICIPATION 100;17/03/2026
POLHO.E;POLISAN HOLDING;XK100;BIST KATILIM 100;BIST PARTICIPATION 100;17/03/2026
QUAGR.E;QUA GRANITE HAYAL YAPI;XK100;BIST KATILIM 100;BIST PARTICIPATION 100;17/03/2026
RGYAS.E;RONESANS GAYRIMENKUL YAT.;XK100;BIST KATILIM 100;BIST PARTICIPATION 100;17/03/2026
SAYAS.E;SAY YENILENEBILIR ENERJI;XK100;BIST KATILIM 100;BIST PARTICIPATION 100;17/03/2026
SELEC.E;SELCUK ECZA DEPOSU;XK100;BIST KATILIM 100;BIST PARTICIPATION 100;17/03/2026
SMRTG.E;SMART GUNES ENERJISI TEK.;XK100;BIST KATILIM 100;BIST PARTICIPATION 100;17/03/2026
SNGYO.E;SINPAS GMYO;XK100;BIST KATILIM 100;BIST PARTICIPATION 100;17/03/2026
SNICA.E;SANICA ISI SANAYI;XK100;BIST KATILIM 100;BIST PARTICIPATION 100;17/03/2026
SRVGY.E;SERVET GMYO;XK100;BIST KATILIM 100;BIST PARTICIPATION 100;17/03/2026
SUNTK.E;SUN TEKSTIL;XK100;BIST KATILIM 100;BIST PARTICIPATION 100;17/03/2026
SURGY.E;SUR TATIL EVLERI GMYO;XK100;BIST KATILIM 100;BIST PARTICIPATION 100;17/03/2026
TARKM.E;TARKIM BITKI KORUMA;XK100;BIST KATILIM 100;BIST PARTICIPATION 100;17/03/2026
TEZOL.E;EUROPAP TEZOL KAGIT;XK100;BIST KATILIM 100;BIST PARTICIPATION 100;17/03/2026
TKNSA.E;TEKNOSA IC VE DIS TICARET;XK100;BIST KATILIM 100;BIST PARTICIPATION 100;17/03/2026
TMSN.E;TUMOSAN MOTOR VE TRAKTOR;XK100;BIST KATILIM 100;BIST PARTICIPATION 100;17/03/2026
TUKAS.E;TUKAS;XK100;BIST KATILIM 100;BIST PARTICIPATION 100;17/03/2026
TUPRS.E;TUPRAS;XK100;BIST KATILIM 100;BIST PARTICIPATION 100;17/03/2026
TUREX.E;TUREKS TURIZM TASIMACILIK;XK100;BIST KATILIM 100;BIST PARTICIPATION 100;17/03/2026
USAK.E;USAK SERAMIK;XK100;BIST KATILIM 100;BIST PARTICIPATION 100;17/03/2026
VESBE.E;VESTEL BEYAZ ESYA;XK100;BIST KATILIM 100;BIST PARTICIPATION 100;17/03/2026
VRGYO.E;VERA KONSEPT GMYO;XK100;BIST KATILIM 100;BIST PARTICIPATION 100;17/03/2026
YEOTK.E;YEO TEKNOLOJI ENERJI;XK100;BIST KATILIM 100;BIST PARTICIPATION 100;17/03/2026
AKSA.E;AKSA;XK050;BIST KATILIM 50;BIST PARTICIPATION 50;17/03/2026
ALTNY.E;ALTINAY SAVUNMA;XK050;BIST KATILIM 50;BIST PARTICIPATION 50;17/03/2026
ASELS.E;ASELSAN;XK050;BIST KATILIM 50;BIST PARTICIPATION 50;17/03/2026
AVPGY.E;AVRUPAKENT GMYO;XK050;BIST KATILIM 50;BIST PARTICIPATION 50;17/03/2026
BERA.E;BERA HOLDING;XK050;BIST KATILIM 50;BIST PARTICIPATION 50;17/03/2026
BIMAS.E;BIM MAGAZALAR;XK050;BIST KATILIM 50;BIST PARTICIPATION 50;17/03/2026
BINHO.E;1000 YATIRIMLAR HOL.;XK050;BIST KATILIM 50;BIST PARTICIPATION 50;17/03/2026
BSOKE.E;BATISOKE CIMENTO;XK050;BIST KATILIM 50;BIST PARTICIPATION 50;17/03/2026
CANTE.E;CAN2 TERMIK;XK050;BIST KATILIM 50;BIST PARTICIPATION 50;17/03/2026
CIMSA.E;CIMSA;XK050;BIST KATILIM 50;BIST PARTICIPATION 50;17/03/2026
CVKMD.E;CVK MADEN;XK050;BIST KATILIM 50;BIST PARTICIPATION 50;17/03/2026
CWENE.E;CW ENERJI;XK050;BIST KATILIM 50;BIST PARTICIPATION 50;17/03/2026
DAPGM.E;DAP GAYRIMENKUL;XK050;BIST KATILIM 50;BIST PARTICIPATION 50;17/03/2026
EFOR.E;EFOR YATIRIM;XK050;BIST KATILIM 50;BIST PARTICIPATION 50;17/03/2026
EKGYO.E;EMLAK KONUT GMYO;XK050;BIST KATILIM 50;BIST PARTICIPATION 50;17/03/2026
ENJSA.E;ENERJISA ENERJI;XK050;BIST KATILIM 50;BIST PARTICIPATION 50;17/03/2026
EREGL.E;EREGLI DEMIR CELIK;XK050;BIST KATILIM 50;BIST PARTICIPATION 50;17/03/2026
EUPWR.E;EUROPOWER ENERJI;XK050;BIST KATILIM 50;BIST PARTICIPATION 50;17/03/2026
FORMT.E;FORMET METAL VE CAM;XK050;BIST KATILIM 50;BIST PARTICIPATION 50;17/03/2026
GENIL.E;GEN ILAC;XK050;BIST KATILIM 50;BIST PARTICIPATION 50;17/03/2026
GESAN.E;GIRISIM ELEKTRIK SANAYI;XK050;BIST KATILIM 50;BIST PARTICIPATION 50;17/03/2026
GLRMK.E;GULERMAK AGIR SANAYI;XK050;BIST KATILIM 50;BIST PARTICIPATION 50;17/03/2026
GOLTS.E;GOLTAS CIMENTO;XK050;BIST KATILIM 50;BIST PARTICIPATION 50;17/03/2026
GRSEL.E;GUR-SEL TURIZM TASIMACILIK;XK050;BIST KATILIM 50;BIST PARTICIPATION 50;17/03/2026
GRTHO.E;GRAINTURK HOLDING;XK050;BIST KATILIM 50;BIST PARTICIPATION 50;17/03/2026
GUBRF.E;GUBRE FABRIK.;XK050;BIST KATILIM 50;BIST PARTICIPATION 50;17/03/2026
IHLAS.E;IHLAS HOLDING;XK050;BIST KATILIM 50;BIST PARTICIPATION 50;17/03/2026
JANTS.E;JANTSA JANT SANAYI;XK050;BIST KATILIM 50;BIST PARTICIPATION 50;17/03/2026
KARSN.E;KARSAN OTOMOTIV;XK050;BIST KATILIM 50;BIST PARTICIPATION 50;17/03/2026
KCAER.E;KOCAER CELIK;XK050;BIST KATILIM 50;BIST PARTICIPATION 50;17/03/2026
KONTR.E;KONTROLMATIK TEKNOLOJI;XK050;BIST KATILIM 50;BIST PARTICIPATION 50;17/03/2026
KRDMD.E;KARDEMIR (D);XK050;BIST KATILIM 50;BIST PARTICIPATION 50;17/03/2026
KTLEV.E;KATILIMEVIM TAS. FIN.;XK050;BIST KATILIM 50;BIST PARTICIPATION 50;17/03/2026
KUYAS.E;KUYAS YATIRIM;XK050;BIST KATILIM 50;BIST PARTICIPATION 50;17/03/2026
KZBGY.E;KIZILBUK GYO;XK050;BIST KATILIM 50;BIST PARTICIPATION 50;17/03/2026
LMKDC.E;LIMAK DOGU ANADOLU;XK050;BIST KATILIM 50;BIST PARTICIPATION 50;17/03/2026
MAGEN.E;MARGUN ENERJI;XK050;BIST KATILIM 50;BIST PARTICIPATION 50;17/03/2026
MAVI.E;MAVI GIYIM;XK050;BIST KATILIM 50;BIST PARTICIPATION 50;17/03/2026
MPARK.E;MLP SAGLIK;XK050;BIST KATILIM 50;BIST PARTICIPATION 50;17/03/2026
OBAMS.E;OBA MAKARNACILIK;XK050;BIST KATILIM 50;BIST PARTICIPATION 50;17/03/2026
PASEU.E;PASIFIK EURASIA LOJISTIK;XK050;BIST KATILIM 50;BIST PARTICIPATION 50;17/03/2026
PETKM.E;PETKIM;XK050;BIST KATILIM 50;BIST PARTICIPATION 50;17/03/2026
QUAGR.E;QUA GRANITE HAYAL YAPI;XK050;BIST KATILIM 50;BIST PARTICIPATION 50;17/03/2026
SELEC.E;SELCUK ECZA DEPOSU;XK050;BIST KATILIM 50;BIST PARTICIPATION 50;17/03/2026
SMRTG.E;SMART GUNES ENERJISI TEK.;XK050;BIST KATILIM 50;BIST PARTICIPATION 50;17/03/2026
TMSN.E;TUMOSAN MOTOR VE TRAKTOR;XK050;BIST KATILIM 50;BIST PARTICIPATION 50;17/03/2026
TUKAS.E;TUKAS;XK050;BIST KATILIM 50;BIST PARTICIPATION 50;17/03/2026
TUPRS.E;TUPRAS;XK050;BIST KATILIM 50;BIST PARTICIPATION 50;17/03/2026
TUREX.E;TUREKS TURIZM TASIMACILIK;XK050;BIST KATILIM 50;BIST PARTICIPATION 50;17/03/2026
YEOTK.E;YEO TEKNOLOJI ENERJI;XK050;BIST KATILIM 50;BIST PARTICIPATION 50;17/03/2026
AKSA.E;AKSA;XK030;BIST KATILIM 30;BIST PARTICIPATION 30;17/03/2026
ALTNY.E;ALTINAY SAVUNMA;XK030;BIST KATILIM 30;BIST PARTICIPATION 30;17/03/2026
ASELS.E;ASELSAN;XK030;BIST KATILIM 30;BIST PARTICIPATION 30;17/03/2026
BIMAS.E;BIM MAGAZALAR;XK030;BIST KATILIM 30;BIST PARTICIPATION 30;17/03/2026
BSOKE.E;BATISOKE CIMENTO;XK030;BIST KATILIM 30;BIST PARTICIPATION 30;17/03/2026
CANTE.E;CAN2 TERMIK;XK030;BIST KATILIM 30;BIST PARTICIPATION 30;17/03/2026
CIMSA.E;CIMSA;XK030;BIST KATILIM 30;BIST PARTICIPATION 30;17/03/2026
CWENE.E;CW ENERJI;XK030;BIST KATILIM 30;BIST PARTICIPATION 30;17/03/2026
DAPGM.E;DAP GAYRIMENKUL;XK030;BIST KATILIM 30;BIST PARTICIPATION 30;17/03/2026
EKGYO.E;EMLAK KONUT GMYO;XK030;BIST KATILIM 30;BIST PARTICIPATION 30;17/03/2026
ENJSA.E;ENERJISA ENERJI;XK030;BIST KATILIM 30;BIST PARTICIPATION 30;17/03/2026
EREGL.E;EREGLI DEMIR CELIK;XK030;BIST KATILIM 30;BIST PARTICIPATION 30;17/03/2026
EUPWR.E;EUROPOWER ENERJI;XK030;BIST KATILIM 30;BIST PARTICIPATION 30;17/03/2026
GENIL.E;GEN ILAC;XK030;BIST KATILIM 30;BIST PARTICIPATION 30;17/03/2026
GESAN.E;GIRISIM ELEKTRIK SANAYI;XK030;BIST KATILIM 30;BIST PARTICIPATION 30;17/03/2026
GLRMK.E;GULERMAK AGIR SANAYI;XK030;BIST KATILIM 30;BIST PARTICIPATION 30;17/03/2026
GRSEL.E;GUR-SEL TURIZM TASIMACILIK;XK030;BIST KATILIM 30;BIST PARTICIPATION 30;17/03/2026
GUBRF.E;GUBRE FABRIK.;XK030;BIST KATILIM 30;BIST PARTICIPATION 30;17/03/2026
KONTR.E;KONTROLMATIK TEKNOLOJI;XK030;BIST KATILIM 30;BIST PARTICIPATION 30;17/03/2026
KRDMD.E;KARDEMIR (D);XK030;BIST KATILIM 30;BIST PARTICIPATION 30;17/03/2026
KTLEV.E;KATILIMEVIM TAS. FIN.;XK030;BIST KATILIM 30;BIST PARTICIPATION 30;17/03/2026
KUYAS.E;KUYAS YATIRIM;XK030;BIST KATILIM 30;BIST PARTICIPATION 30;17/03/2026
MAVI.E;MAVI GIYIM;XK030;BIST KATILIM 30;BIST PARTICIPATION 30;17/03/2026
MPARK.E;MLP SAGLIK;XK030;BIST KATILIM 30;BIST PARTICIPATION 30;17/03/2026
OBAMS.E;OBA MAKARNACILIK;XK030;BIST KATILIM 30;BIST PARTICIPATION 30;17/03/2026
PASEU.E;PASIFIK EURASIA LOJISTIK;XK030;BIST KATILIM 30;BIST PARTICIPATION 30;17/03/2026
PETKM.E;PETKIM;XK030;BIST KATILIM 30;BIST PARTICIPATION 30;17/03/2026
TUPRS.E;TUPRAS;XK030;BIST KATILIM 30;BIST PARTICIPATION 30;17/03/2026
TUREX.E;TUREKS TURIZM TASIMACILIK;XK030;BIST KATILIM 30;BIST PARTICIPATION 30;17/03/2026
YEOTK.E;YEO TEKNOLOJI ENERJI;XK030;BIST KATILIM 30;BIST PARTICIPATION 30;17/03/2026
AKSA.E;AKSA;XSRDK;BIST KATILIM SURDURULEBILIRLIK;BIST PARTICIPATION SUSTAINABILITY;17/03/2026
ALBRK.E;ALBARAKA TURK;XSRDK;BIST KATILIM SURDURULEBILIRLIK;BIST PARTICIPATION SUSTAINABILITY;17/03/2026
ASELS.E;ASELSAN;XSRDK;BIST KATILIM SURDURULEBILIRLIK;BIST PARTICIPATION SUSTAINABILITY;17/03/2026
BIMAS.E;BIM MAGAZALAR;XSRDK;BIST KATILIM SURDURULEBILIRLIK;BIST PARTICIPATION SUSTAINABILITY;17/03/2026
BRISA.E;BRISA;XSRDK;BIST KATILIM SURDURULEBILIRLIK;BIST PARTICIPATION SUSTAINABILITY;17/03/2026
BSOKE.E;BATISOKE CIMENTO;XSRDK;BIST KATILIM SURDURULEBILIRLIK;BIST PARTICIPATION SUSTAINABILITY;17/03/2026
CIMSA.E;CIMSA;XSRDK;BIST KATILIM SURDURULEBILIRLIK;BIST PARTICIPATION SUSTAINABILITY;17/03/2026
DGNMO.E;DOGANLAR MOBILYA;XSRDK;BIST KATILIM SURDURULEBILIRLIK;BIST PARTICIPATION SUSTAINABILITY;17/03/2026
ENJSA.E;ENERJISA ENERJI;XSRDK;BIST KATILIM SURDURULEBILIRLIK;BIST PARTICIPATION SUSTAINABILITY;17/03/2026
EREGL.E;EREGLI DEMIR CELIK;XSRDK;BIST KATILIM SURDURULEBILIRLIK;BIST PARTICIPATION SUSTAINABILITY;17/03/2026
GRSEL.E;GUR-SEL TURIZM TASIMACILIK;XSRDK;BIST KATILIM SURDURULEBILIRLIK;BIST PARTICIPATION SUSTAINABILITY;17/03/2026
ISDMR.E;ISKENDERUN DEMIR CELIK;XSRDK;BIST KATILIM SURDURULEBILIRLIK;BIST PARTICIPATION SUSTAINABILITY;17/03/2026
KONTR.E;KONTROLMATIK TEKNOLOJI;XSRDK;BIST KATILIM SURDURULEBILIRLIK;BIST PARTICIPATION SUSTAINABILITY;17/03/2026
LOGO.E;LOGO YAZILIM;XSRDK;BIST KATILIM SURDURULEBILIRLIK;BIST PARTICIPATION SUSTAINABILITY;17/03/2026
MAGEN.E;MARGUN ENERJI;XSRDK;BIST KATILIM SURDURULEBILIRLIK;BIST PARTICIPATION SUSTAINABILITY;17/03/2026
MAVI.E;MAVI GIYIM;XSRDK;BIST KATILIM SURDURULEBILIRLIK;BIST PARTICIPATION SUSTAINABILITY;17/03/2026
MPARK.E;MLP SAGLIK;XSRDK;BIST KATILIM SURDURULEBILIRLIK;BIST PARTICIPATION SUSTAINABILITY;17/03/2026
PETKM.E;PETKIM;XSRDK;BIST KATILIM SURDURULEBILIRLIK;BIST PARTICIPATION SUSTAINABILITY;17/03/2026
POLHO.E;POLISAN HOLDING;XSRDK;BIST KATILIM SURDURULEBILIRLIK;BIST PARTICIPATION SUSTAINABILITY;17/03/2026
QUAGR.E;QUA GRANITE HAYAL YAPI;XSRDK;BIST KATILIM SURDURULEBILIRLIK;BIST PARTICIPATION SUSTAINABILITY;17/03/2026
SMRTG.E;SMART GUNES ENERJISI TEK.;XSRDK;BIST KATILIM SURDURULEBILIRLIK;BIST PARTICIPATION SUSTAINABILITY;17/03/2026
SUNTK.E;SUN TEKSTIL;XSRDK;BIST KATILIM SURDURULEBILIRLIK;BIST PARTICIPATION SUSTAINABILITY;17/03/2026
TKNSA.E;TEKNOSA IC VE DIS TICARET;XSRDK;BIST KATILIM SURDURULEBILIRLIK;BIST PARTICIPATION SUSTAINABILITY;17/03/2026
TUPRS.E;TUPRAS;XSRDK;BIST KATILIM SURDURULEBILIRLIK;BIST PARTICIPATION SUSTAINABILITY;17/03/2026
VESBE.E;VESTEL BEYAZ ESYA;XSRDK;BIST KATILIM SURDURULEBILIRLIK;BIST PARTICIPATION SUSTAINABILITY;17/03/2026
YUNSA.E;YUNSA;XSRDK;BIST KATILIM SURDURULEBILIRLIK;BIST PARTICIPATION SUSTAINABILITY;17/03/2026
AKSA.E;AKSA;XKTMT;BIST KATILIM TEMETTU;BIST PARTICIPATION DIVIDEND;17/03/2026
ARASE.E;DOGU ARAS ENERJI;XKTMT;BIST KATILIM TEMETTU;BIST PARTICIPATION DIVIDEND;17/03/2026
ARDYZ.E;ARD BILISIM TEKNOLOJILERI;XKTMT;BIST KATILIM TEMETTU;BIST PARTICIPATION DIVIDEND;17/03/2026
ASELS.E;ASELSAN;XKTMT;BIST KATILIM TEMETTU;BIST PARTICIPATION DIVIDEND;17/03/2026
ATATP.E;ATP YAZILIM;XKTMT;BIST KATILIM TEMETTU;BIST PARTICIPATION DIVIDEND;17/03/2026
AYEN.E;AYEN ENERJI;XKTMT;BIST KATILIM TEMETTU;BIST PARTICIPATION DIVIDEND;17/03/2026
BASGZ.E;BASKENT DOGALGAZ GMYO;XKTMT;BIST KATILIM TEMETTU;BIST PARTICIPATION DIVIDEND;17/03/2026
BIMAS.E;BIM MAGAZALAR;XKTMT;BIST KATILIM TEMETTU;BIST PARTICIPATION DIVIDEND;17/03/2026
BRISA.E;BRISA;XKTMT;BIST KATILIM TEMETTU;BIST PARTICIPATION DIVIDEND;17/03/2026
CIMSA.E;CIMSA;XKTMT;BIST KATILIM TEMETTU;BIST PARTICIPATION DIVIDEND;17/03/2026
EGGUB.E;EGE GUBRE;XKTMT;BIST KATILIM TEMETTU;BIST PARTICIPATION DIVIDEND;17/03/2026
EGPRO.E;EGE PROFIL;XKTMT;BIST KATILIM TEMETTU;BIST PARTICIPATION DIVIDEND;17/03/2026
ELITE.E;ELITE NATUREL ORGANIK GIDA;XKTMT;BIST KATILIM TEMETTU;BIST PARTICIPATION DIVIDEND;17/03/2026
GENIL.E;GEN ILAC;XKTMT;BIST KATILIM TEMETTU;BIST PARTICIPATION DIVIDEND;17/03/2026
GOLTS.E;GOLTAS CIMENTO;XKTMT;BIST KATILIM TEMETTU;BIST PARTICIPATION DIVIDEND;17/03/2026
GRSEL.E;GUR-SEL TURIZM TASIMACILIK;XKTMT;BIST KATILIM TEMETTU;BIST PARTICIPATION DIVIDEND;17/03/2026
JANTS.E;JANTSA JANT SANAYI;XKTMT;BIST KATILIM TEMETTU;BIST PARTICIPATION DIVIDEND;17/03/2026
KCAER.E;KOCAER CELIK;XKTMT;BIST KATILIM TEMETTU;BIST PARTICIPATION DIVIDEND;17/03/2026
LKMNH.E;LOKMAN HEKIM SAGLIK;XKTMT;BIST KATILIM TEMETTU;BIST PARTICIPATION DIVIDEND;17/03/2026
LOGO.E;LOGO YAZILIM;XKTMT;BIST KATILIM TEMETTU;BIST PARTICIPATION DIVIDEND;17/03/2026
MAVI.E;MAVI GIYIM;XKTMT;BIST KATILIM TEMETTU;BIST PARTICIPATION DIVIDEND;17/03/2026
NTGAZ.E;NATURELGAZ;XKTMT;BIST KATILIM TEMETTU;BIST PARTICIPATION DIVIDEND;17/03/2026
PAGYO.E;PANORA GMYO;XKTMT;BIST KATILIM TEMETTU;BIST PARTICIPATION DIVIDEND;17/03/2026
PLTUR.E;PLATFORM TURIZM;XKTMT;BIST KATILIM TEMETTU;BIST PARTICIPATION DIVIDEND;17/03/2026
PNLSN.E;PANELSAN CATI CEPHE;XKTMT;BIST KATILIM TEMETTU;BIST PARTICIPATION DIVIDEND;17/03/2026
SARKY.E;SARKUYSAN;XKTMT;BIST KATILIM TEMETTU;BIST PARTICIPATION DIVIDEND;17/03/2026
SELEC.E;SELCUK ECZA DEPOSU;XKTMT;BIST KATILIM TEMETTU;BIST PARTICIPATION DIVIDEND;17/03/2026
SUNTK.E;SUN TEKSTIL;XKTMT;BIST KATILIM TEMETTU;BIST PARTICIPATION DIVIDEND;17/03/2026
SUWEN.E;SUWEN TEKSTIL;XKTMT;BIST KATILIM TEMETTU;BIST PARTICIPATION DIVIDEND;17/03/2026
TUPRS.E;TUPRAS;XKTMT;BIST KATILIM TEMETTU;BIST PARTICIPATION DIVIDEND;17/03/2026
VAKKO.E;VAKKO TEKSTIL;XKTMT;BIST KATILIM TEMETTU;BIST PARTICIPATION DIVIDEND;17/03/2026
YUNSA.E;YUNSA;XKTMT;BIST KATILIM TEMETTU;BIST PARTICIPATION DIVIDEND;17/03/2026
